condition,symbol,horizon,n,mean,median,win_rate,tail_loss_p05,evidence_type
HIGH_PRICE_CVAR_HIGH,HC,1,26,-0.0052856224282219096,-0.002680017850329619,0.38461538461538464,-0.041342586799511555,local_evidence
HIGH_PRICE_CVAR_HIGH,HC,5,26,-0.006446926180125012,-0.004726515742909165,0.4230769230769231,-0.05919855438699986,local_evidence
HIGH_PRICE_CVAR_HIGH,HC,10,26,-0.013375894708103088,-0.013961795655715481,0.2692307692307692,-0.05986414287376418,local_evidence
HIGH_PRICE_CVAR_HIGH,HC,20,26,-0.035816294792853906,-0.029509686386934242,0.038461538461538464,-0.09736996648830168,local_evidence
HIGH_PRICE_CVAR_HIGH,HC,40,26,-0.02606148390410928,-0.02578232592203411,0.15384615384615385,-0.06429963537040165,local_evidence
HIGH_PRICE_CVAR_HIGH,I,1,37,-0.0068778230870772256,-0.004011231448054597,0.43243243243243246,-0.0402766751715121,local_evidence
HIGH_PRICE_CVAR_HIGH,I,5,37,-0.02894381503602715,-0.015963511972634015,0.32432432432432434,-0.09378018091545944,local_evidence
HIGH_PRICE_CVAR_HIGH,I,10,37,-0.022092772604658282,-0.0158311345646438,0.3783783783783784,-0.11039757788224044,local_evidence
HIGH_PRICE_CVAR_HIGH,I,20,37,-0.011682455392494556,0.006787330316742057,0.5135135135135135,-0.1784581353844607,local_evidence
HIGH_PRICE_CVAR_HIGH,I,40,37,-0.09176809768810443,-0.07674262734584447,0.2702702702702703,-0.25115221454220227,local_evidence
HIGH_PRICE_CVAR_HIGH,J,1,98,0.0013760111743880404,0.0016276578427999455,0.5102040816326531,-0.05800077377528721,local_evidence
HIGH_PRICE_CVAR_HIGH,J,5,98,0.005212967427992003,0.007321486927100884,0.5612244897959183,-0.1277633025955826,local_evidence
HIGH_PRICE_CVAR_HIGH,J,10,98,0.005196781664812923,0.01577838280075272,0.5612244897959183,-0.18259290204563813,local_evidence
HIGH_PRICE_CVAR_HIGH,J,20,98,0.013028455645759334,0.04210120174912202,0.5714285714285714,-0.2178204484256281,local_evidence
HIGH_PRICE_CVAR_HIGH,J,40,98,-0.0019333768474571569,-0.04733629323255867,0.30612244897959184,-0.20549234990705514,local_evidence
HIGH_PRICE_CVAR_HIGH,JM,1,152,0.0019114905315815956,-0.0011301427566330347,0.46710526315789475,-0.042675834214903355,local_evidence
HIGH_PRICE_CVAR_HIGH,JM,5,152,0.007855052043800702,0.010774318837935337,0.5592105263157895,-0.11171642355038111,local_evidence
HIGH_PRICE_CVAR_HIGH,JM,10,152,0.009449352117748744,0.01316971281490631,0.5460526315789473,-0.1720617475226752,local_evidence
HIGH_PRICE_CVAR_HIGH,JM,20,152,0.01345198589701351,0.013371196480437608,0.5328947368421053,-0.29950929806131776,local_evidence
HIGH_PRICE_CVAR_HIGH,JM,40,152,0.014390971758215144,-0.06943270382795941,0.34210526315789475,-0.333415012065234,local_evidence
HIGH_PRICE_CVAR_HIGH,LC,1,91,0.005939982427338076,0.006131386861313759,0.5384615384615384,-0.09650997247569593,local_evidence
HIGH_PRICE_CVAR_HIGH,LC,5,91,0.029056907392391435,0.022727272727272707,0.5714285714285714,-0.12284491269070258,local_evidence
HIGH_PRICE_CVAR_HIGH,LC,10,91,0.053268974786428246,0.042386185243328045,0.6043956043956044,-0.15489312897274593,local_evidence
HIGH_PRICE_CVAR_HIGH,LC,20,91,0.11271869594781991,0.04649077868852469,0.5934065934065934,-0.18163436553091822,local_evidence
HIGH_PRICE_CVAR_HIGH,LC,40,91,0.22536250414190453,0.054125412541254025,0.6263736263736264,-0.2203264684353517,local_evidence
HIGH_PRICE_CVAR_HIGH,PS,1,14,-0.002774803790024665,-0.0025207385163252827,0.35714285714285715,-0.018127456195537177,local_evidence
HIGH_PRICE_CVAR_HIGH,PS,5,14,-0.019358602134712917,-0.021787146099136567,0.2857142857142857,-0.0514722589752884,local_evidence
HIGH_PRICE_CVAR_HIGH,PS,10,14,-0.023371513414384076,-0.039778756792344105,0.14285714285714285,-0.08294845203751737,local_evidence
HIGH_PRICE_CVAR_HIGH,PS,20,14,-0.06712525299202804,-0.051013728377706735,0.07142857142857142,-0.15510874298731211,local_evidence
HIGH_PRICE_CVAR_HIGH,PS,40,14,-0.08280438861659153,-0.050832524283204616,0.14285714285714285,-0.21176891087777194,local_evidence
HIGH_PRICE_CVAR_HIGH,RB,1,34,-0.0024912266629190595,0.001899397174870865,0.5588235294117647,-0.03232213873135287,local_evidence
HIGH_PRICE_CVAR_HIGH,RB,5,34,-0.013632688572117318,-0.008114507102884194,0.4117647058823529,-0.06283838063936376,local_evidence
HIGH_PRICE_CVAR_HIGH,RB,10,34,-0.028450288263644683,-0.025998469403538893,0.29411764705882354,-0.13071721791052326,local_evidence
HIGH_PRICE_CVAR_HIGH,RB,20,34,-0.07827983749345013,-0.07489293719148366,0.029411764705882353,-0.25027073638135927,local_evidence
HIGH_PRICE_CVAR_HIGH,RB,40,34,-0.06271862281641111,-0.042086315499738736,0.08823529411764706,-0.18847205236878886,local_evidence
HIGH_PRICE_CVAR_HIGH,SI,1,1,-0.07572115384615385,-0.07572115384615385,0.0,-0.07572115384615385,local_evidence
HIGH_PRICE_CVAR_HIGH,SI,5,1,-0.08894230769230771,-0.08894230769230771,0.0,-0.08894230769230771,local_evidence
HIGH_PRICE_CVAR_HIGH,SI,10,1,-0.11298076923076927,-0.11298076923076927,0.0,-0.11298076923076927,local_evidence
HIGH_PRICE_CVAR_HIGH,SI,20,1,-0.203125,-0.203125,0.0,-0.203125,local_evidence
HIGH_PRICE_CVAR_HIGH,SI,40,1,-0.17067307692307687,-0.17067307692307687,0.0,-0.17067307692307687,local_evidence
HIGH_PRICE_OI_DECLINE,HC,1,165,0.0009768678763841603,0.0008317737575378459,0.5454545454545454,-0.02007833419377047,local_evidence
HIGH_PRICE_OI_DECLINE,HC,5,165,0.00649692074232643,0.0053881949546901176,0.5757575757575758,-0.033234845257925055,local_evidence
HIGH_PRICE_OI_DECLINE,HC,10,165,0.009724835193659458,0.01344743276283622,0.6303030303030303,-0.05545409825439378,local_evidence
HIGH_PRICE_OI_DECLINE,HC,20,165,0.018257705844674493,0.01828189502653821,0.6060606060606061,-0.07123189896742403,local_evidence
HIGH_PRICE_OI_DECLINE,HC,40,165,0.02459029909058499,0.0017737485218762838,0.509090909090909,-0.09033057157049737,local_evidence
HIGH_PRICE_OI_DECLINE,I,1,267,0.0011091138155851473,0.0006055101422948184,0.5205992509363296,-0.020362372764238433,local_evidence
HIGH_PRICE_OI_DECLINE,I,5,267,0.00470138857509983,0.002808002808002863,0.5468164794007491,-0.047316751045564584,local_evidence
HIGH_PRICE_OI_DECLINE,I,10,267,0.005422738061999943,0.0011883541295305555,0.5168539325842697,-0.08238207831688661,local_evidence
HIGH_PRICE_OI_DECLINE,I,20,267,0.01777155320715326,0.009154714678059284,0.5617977528089888,-0.05963893268838696,local_evidence
HIGH_PRICE_OI_DECLINE,I,40,267,0.03143947435226656,0.017807798587657464,0.6367041198501873,-0.10022729475622756,local_evidence
HIGH_PRICE_OI_DECLINE,J,1,180,0.001256985990554428,0.00046479624792872265,0.5277777777777778,-0.028437581229245307,local_evidence
HIGH_PRICE_OI_DECLINE,J,5,178,0.0019169525717201835,0.00247484521654584,0.5280898876404494,-0.07389057633603846,local_evidence
HIGH_PRICE_OI_DECLINE,J,10,175,0.007201760435944074,-0.007514900233220989,0.46285714285714286,-0.08708118102492887,local_evidence
HIGH_PRICE_OI_DECLINE,J,20,174,0.02226116953963023,0.01079042609660763,0.5574712643678161,-0.1220144639357646,local_evidence
HIGH_PRICE_OI_DECLINE,J,40,174,0.020080655122597147,-0.013375113005208716,0.47701149425287354,-0.16368164852904185,local_evidence
HIGH_PRICE_OI_DECLINE,JM,1,202,0.0005117474712443958,-0.0009434260067492928,0.4603960396039604,-0.0334396751131327,local_evidence
HIGH_PRICE_OI_DECLINE,JM,5,199,-0.0002943536054610134,0.0009107468123861207,0.5175879396984925,-0.08382811037998751,local_evidence
HIGH_PRICE_OI_DECLINE,JM,10,198,0.003564244466491022,0.005523100201211939,0.5202020202020202,-0.09542335718554691,local_evidence
HIGH_PRICE_OI_DECLINE,JM,20,194,0.005101681572895052,0.010277463046054702,0.5773195876288659,-0.1592909156049913,local_evidence
HIGH_PRICE_OI_DECLINE,JM,40,194,-0.005560619295459505,-0.023467748620722706,0.4639175257731959,-0.2963576827649876,local_evidence
HIGH_PRICE_OI_DECLINE,LC,1,48,0.0013188343528248946,0.0061528910113020086,0.5416666666666666,-0.111678943446538,local_evidence
HIGH_PRICE_OI_DECLINE,LC,5,48,0.008587128699827336,-0.016425238828538746,0.4791666666666667,-0.12007140345083815,local_evidence
HIGH_PRICE_OI_DECLINE,LC,10,48,0.03116319571139954,0.0032810216719739715,0.5,-0.1550296318644432,local_evidence
HIGH_PRICE_OI_DECLINE,LC,20,48,0.06253919154049029,0.0021791923293414395,0.5,-0.189403271521713,local_evidence
HIGH_PRICE_OI_DECLINE,LC,40,48,0.17330514113016005,0.03533030344764265,0.5833333333333334,-0.2219873385315463,local_evidence
HIGH_PRICE_OI_DECLINE,PS,1,42,-8.19962431422889e-05,-0.0014858021328297277,0.4523809523809524,-0.03770145350726197,local_evidence
HIGH_PRICE_OI_DECLINE,PS,5,42,-0.012309656994152544,-0.012775737090420292,0.40476190476190477,-0.1445551651887351,local_evidence
HIGH_PRICE_OI_DECLINE,PS,10,42,-0.01593889787696888,-0.012715768056246413,0.42857142857142855,-0.1461330337413966,local_evidence
HIGH_PRICE_OI_DECLINE,PS,20,42,-0.03258392425662173,-0.010313207038975869,0.42857142857142855,-0.15704568180650091,local_evidence
HIGH_PRICE_OI_DECLINE,PS,40,42,-0.07335071966444313,-0.03734153924308714,0.2857142857142857,-0.27980051994215993,local_evidence
HIGH_PRICE_OI_DECLINE,RB,1,169,0.001686842868659431,0.0015519917227109215,0.5562130177514792,-0.01834511236769607,local_evidence
HIGH_PRICE_OI_DECLINE,RB,5,169,0.004748775110839214,0.006699147381242332,0.591715976331361,-0.0448315979050655,local_evidence
HIGH_PRICE_OI_DECLINE,RB,10,169,0.007186297269233512,0.010150223304912664,0.591715976331361,-0.05107983015137225,local_evidence
HIGH_PRICE_OI_DECLINE,RB,20,169,0.011668781116241648,0.00931611264027099,0.5680473372781065,-0.09249952914583064,local_evidence
HIGH_PRICE_OI_DECLINE,RB,40,169,0.020022461047540557,0.0041386445938955685,0.5325443786982249,-0.10577581839321264,local_evidence
HIGH_PRICE_BACK_NARROWING,HC,1,207,0.0010300859815395287,0.0009622786759044821,0.5507246376811594,-0.023220335985853276,local_evidence
HIGH_PRICE_BACK_NARROWING,HC,5,207,0.004001338402111123,0.005349712700614129,0.5700483091787439,-0.04891018528679015,local_evidence
HIGH_PRICE_BACK_NARROWING,HC,10,207,0.007004608425005916,0.008456148828219323,0.6183574879227053,-0.0603133139997558,local_evidence
HIGH_PRICE_BACK_NARROWING,HC,20,207,0.002786639026046923,-0.0015851449275362528,0.48792270531400966,-0.08553828664771684,local_evidence
HIGH_PRICE_BACK_NARROWING,HC,40,207,0.022852505897865954,-0.00024348672997320797,0.4975845410628019,-0.07779718557427343,local_evidence
HIGH_PRICE_BACK_NARROWING,I,1,252,0.001310926006424055,0.0001505570611262108,0.5,-0.025915785331300095,local_evidence
HIGH_PRICE_BACK_NARROWING,I,5,252,0.006375704168657761,0.005433617907157795,0.5714285714285714,-0.05383404027112667,local_evidence
HIGH_PRICE_BACK_NARROWING,I,10,252,0.012533806030345747,0.009608538832076352,0.6111111111111112,-0.0842869269949066,local_evidence
HIGH_PRICE_BACK_NARROWING,I,20,252,0.016015797953550376,0.009238444477076668,0.6111111111111112,-0.08057606802454015,local_evidence
HIGH_PRICE_BACK_NARROWING,I,40,252,0.033893528228575824,0.02876188994862383,0.6904761904761905,-0.0791206028747158,local_evidence
HIGH_PRICE_BACK_NARROWING,J,1,177,0.001086965549562117,0.001046298718283989,0.5536723163841808,-0.024716962227644856,local_evidence
HIGH_PRICE_BACK_NARROWING,J,5,173,0.007516754501183408,0.011635103354375564,0.6184971098265896,-0.0623938262643484,local_evidence
HIGH_PRICE_BACK_NARROWING,J,10,171,0.012265527231633622,0.01662084478880277,0.5789473684210527,-0.08025846803309067,local_evidence
HIGH_PRICE_BACK_NARROWING,J,20,171,0.006765283094564276,0.005446443307476567,0.5497076023391813,-0.13636838515416266,local_evidence
HIGH_PRICE_BACK_NARROWING,J,40,171,-0.002756658277555644,-0.014179608372721142,0.4502923976608187,-0.1529259804191514,local_evidence
HIGH_PRICE_BACK_NARROWING,JM,1,197,0.001361118837638368,0.001955416503715224,0.5329949238578681,-0.03137453090793558,local_evidence
HIGH_PRICE_BACK_NARROWING,JM,5,197,0.006398274196673692,0.006438831104507159,0.5989847715736041,-0.05196227165247236,local_evidence
HIGH_PRICE_BACK_NARROWING,JM,10,197,0.004568757011549843,0.006528417818740362,0.5532994923857868,-0.09001612064222114,local_evidence
HIGH_PRICE_BACK_NARROWING,JM,20,197,-0.004100626411240228,0.0046274872744100914,0.5431472081218274,-0.1417413699142245,local_evidence
HIGH_PRICE_BACK_NARROWING,JM,40,197,-0.0001623954662136736,0.014421252371916493,0.5431472081218274,-0.16160137004887987,local_evidence
HIGH_PRICE_BACK_NARROWING,LC,1,64,0.005397675437605474,0.01147924412357293,0.578125,-0.10858122711077257,local_evidence
HIGH_PRICE_BACK_NARROWING,LC,5,64,0.021927202303915518,0.016129455562116535,0.578125,-0.1589416425960394,local_evidence
HIGH_PRICE_BACK_NARROWING,LC,10,64,0.0400680633031807,0.04153601619039404,0.59375,-0.15403833000942685,local_evidence
HIGH_PRICE_BACK_NARROWING,LC,20,64,0.056919300182816296,0.03149017615576366,0.515625,-0.19187700280422026,local_evidence
HIGH_PRICE_BACK_NARROWING,LC,40,64,0.14688463108755156,0.03522628694229213,0.5625,-0.20583488956387994,local_evidence
HIGH_PRICE_BACK_NARROWING,PS,1,47,0.0014455831388409466,-0.00036944675348660194,0.48936170212765956,-0.04700112644082671,local_evidence
HIGH_PRICE_BACK_NARROWING,PS,5,47,-0.003933793099266946,-0.012930636372032844,0.44680851063829785,-0.13632448390685498,local_evidence
HIGH_PRICE_BACK_NARROWING,PS,10,47,-0.012492134610021318,-0.009315016936394471,0.44680851063829785,-0.15435741004929393,local_evidence
HIGH_PRICE_BACK_NARROWING,PS,20,47,-0.026261744996590602,0.0022581859239743096,0.5319148936170213,-0.17880407586783298,local_evidence
HIGH_PRICE_BACK_NARROWING,PS,40,47,-0.05635405392912725,-0.022034061387472326,0.3617021276595745,-0.279602438071578,local_evidence
HIGH_PRICE_BACK_NARROWING,RB,1,208,0.0014065120565307189,0.0011980381786053096,0.5336538461538461,-0.02065915228060094,local_evidence
HIGH_PRICE_BACK_NARROWING,RB,5,208,0.004592698548833031,0.005620983012709302,0.5817307692307693,-0.04605866399401677,local_evidence
HIGH_PRICE_BACK_NARROWING,RB,10,208,0.008774128506832624,0.00965115472109701,0.6009615384615384,-0.057924949982191234,local_evidence
HIGH_PRICE_BACK_NARROWING,RB,20,208,0.007559212936096815,0.007377994783803188,0.5384615384615384,-0.09490298735200993,local_evidence
HIGH_PRICE_BACK_NARROWING,RB,40,208,0.019953644250480903,0.0038965214616567545,0.5144230769230769,-0.07839830238825826,local_evidence
HIGH_PRICE_BACK_NARROWING,SI,1,1,-0.021398002853067033,-0.021398002853067033,0.0,-0.021398002853067033,local_evidence
HIGH_PRICE_SKEW_DETERIORATION,HC,1,180,0.000911406012362427,0.0015387934744260923,0.5666666666666667,-0.01346144992375869,local_evidence
HIGH_PRICE_SKEW_DETERIORATION,HC,5,180,0.005598264129849212,0.006887886801597354,0.6111111111111112,-0.031468009637757824,local_evidence
HIGH_PRICE_SKEW_DETERIORATION,HC,10,180,0.007906343182891639,0.01015040826061775,0.6055555555555555,-0.04349075336074305,local_evidence
HIGH_PRICE_SKEW_DETERIORATION,HC,20,180,0.017761481463139148,0.009840820715450782,0.5777777777777777,-0.061470654666028315,local_evidence
HIGH_PRICE_SKEW_DETERIORATION,HC,40,180,0.00910696308557449,-0.0016181140156549811,0.45555555555555555,-0.09179084202488595,local_evidence
HIGH_PRICE_SKEW_DETERIORATION,I,1,318,0.0006259372705789875,0.0006044130923291702,0.5314465408805031,-0.021151351818758313,local_evidence
HIGH_PRICE_SKEW_DETERIORATION,I,5,318,0.00488208953322931,0.0029971385683412732,0.5628930817610063,-0.035269807175683676,local_evidence
HIGH_PRICE_SKEW_DETERIORATION,I,10,318,0.008288554204303966,0.005618746093449478,0.5754716981132075,-0.06881470688774045,local_evidence
HIGH_PRICE_SKEW_DETERIORATION,I,20,318,0.013887307543927105,0.0037630277320134242,0.550314465408805,-0.07493181483119564,local_evidence
HIGH_PRICE_SKEW_DETERIORATION,I,40,318,0.02107911518821416,0.013378468358923201,0.5974842767295597,-0.0845190856848927,local_evidence
HIGH_PRICE_SKEW_DETERIORATION,J,1,157,0.0017784828273350864,0.0019129603060736855,0.535031847133758,-0.024676449256335987,local_evidence
HIGH_PRICE_SKEW_DETERIORATION,J,5,153,0.006425598354687252,0.006140997297961137,0.6078431372549019,-0.09487185352433081,local_evidence
HIGH_PRICE_SKEW_DETERIORATION,J,10,148,0.006971231092651703,0.002682276701125419,0.5135135135135135,-0.14455387306404907,local_evidence
HIGH_PRICE_SKEW_DETERIORATION,J,20,146,0.01232846800905639,0.00010549044867907975,0.5,-0.20444519454022744,local_evidence
HIGH_PRICE_SKEW_DETERIORATION,J,40,146,0.026902388539332158,0.01778664045825351,0.589041095890411,-0.20198942594069347,local_evidence
HIGH_PRICE_SKEW_DETERIORATION,JM,1,225,0.0013611744208371999,-0.0003716090672611916,0.47555555555555556,-0.029018728232706636,local_evidence
HIGH_PRICE_SKEW_DETERIORATION,JM,5,221,0.011168806222324919,0.009828904259191917,0.6289592760180995,-0.04316143497757852,local_evidence
HIGH_PRICE_SKEW_DETERIORATION,JM,10,216,0.016253097419585003,0.01316383438136548,0.6388888888888888,-0.08580582628255021,local_evidence
HIGH_PRICE_SKEW_DETERIORATION,JM,20,211,0.0038847132820646244,0.010242792109256493,0.5924170616113744,-0.2326134672655683,local_evidence
HIGH_PRICE_SKEW_DETERIORATION,JM,40,211,0.027157305158913632,0.02091254752851701,0.5876777251184834,-0.2939285471916763,local_evidence
HIGH_PRICE_SKEW_DETERIORATION,LC,1,72,0.002833536719193374,0.0044054576321573835,0.5416666666666666,-0.10371944307911449,local_evidence
HIGH_PRICE_SKEW_DETERIORATION,LC,5,72,0.005596306676642856,-0.026963811314819286,0.4444444444444444,-0.15372767437886992,local_evidence
HIGH_PRICE_SKEW_DETERIORATION,LC,10,72,0.007030960045862446,-0.028950486998951086,0.4722222222222222,-0.19016193167428058,local_evidence
HIGH_PRICE_SKEW_DETERIORATION,LC,20,72,0.009968586700004707,-0.05174406070381882,0.4305555555555556,-0.19934444414655852,local_evidence
HIGH_PRICE_SKEW_DETERIORATION,LC,40,72,0.11068828830113314,0.025472480595034597,0.5555555555555556,-0.22398705006217526,local_evidence
HIGH_PRICE_SKEW_DETERIORATION,PS,1,45,-0.0011446612851206148,-0.00036944675348660194,0.4888888888888889,-0.0404117977079288,local_evidence
HIGH_PRICE_SKEW_DETERIORATION,PS,5,45,-0.014943208085538109,-0.006460387623257402,0.4444444444444444,-0.13961675641960702,local_evidence
HIGH_PRICE_SKEW_DETERIORATION,PS,10,45,-0.016206678358510265,9.236168837167824e-05,0.5111111111111111,-0.15552150112399998,local_evidence
HIGH_PRICE_SKEW_DETERIORATION,PS,20,45,-0.04494795847662784,-0.009584961846268336,0.4666666666666667,-0.18035273468599045,local_evidence
HIGH_PRICE_SKEW_DETERIORATION,PS,40,45,-0.10133144196453497,-0.06309398099260821,0.17777777777777778,-0.27977503552827865,local_evidence
HIGH_PRICE_SKEW_DETERIORATION,RB,1,169,0.0007017006446552986,0.0002566735112936591,0.5207100591715976,-0.01642619001188488,local_evidence
HIGH_PRICE_SKEW_DETERIORATION,RB,5,169,0.0014118024266673995,0.0026185627000290257,0.5384615384615384,-0.03650563724752738,local_evidence
HIGH_PRICE_SKEW_DETERIORATION,RB,10,169,0.00280873417216022,-0.001311188811188857,0.47337278106508873,-0.04801944933983102,local_evidence
HIGH_PRICE_SKEW_DETERIORATION,RB,20,169,0.008235485942932526,-0.0029673590504450953,0.46153846153846156,-0.0809297408724993,local_evidence
HIGH_PRICE_SKEW_DETERIORATION,RB,40,169,0.011219614091757034,-0.010510181738559221,0.42011834319526625,-0.10577581839321264,local_evidence
