checked_at,symbol,dataset,severity,check_name,details
2026-10-05 18:33:02.275995+00:00,HC,daily_bars,OK,required_columns,complete
2026-10-05 18:33:02.275995+00:00,HC,daily_bars,OK,duplicate_keys,0
2026-10-05 18:33:02.275995+00:00,HC,daily_bars,OK,ohlc_integrity,0
2026-10-05 18:33:02.275995+00:00,HC,daily_bars,WARN,freshness,"latest=2026-09-30, business_days_lag=4, calendar_days=6"
2026-10-05 18:33:02.275995+00:00,HC,daily_bars,OK,contract_lineage,complete
2026-10-05 18:33:02.275995+00:00,HC,daily_bars,OK,contract_rolls,20
2026-10-05 18:33:02.275995+00:00,HC,daily_bars,WARN,missing_fields,turnover
2026-10-05 18:33:02.275995+00:00,HC,daily_bars,WARN,cleaning_adjustments,3
2026-10-05 18:33:02.275995+00:00,HC,daily_bars,OK,research_eligibility,eligible_rows=1636/1636
2026-10-05 18:33:02.275995+00:00,I,daily_bars,OK,required_columns,complete
2026-10-05 18:33:02.275995+00:00,I,daily_bars,OK,duplicate_keys,0
2026-10-05 18:33:02.275995+00:00,I,daily_bars,OK,ohlc_integrity,0
2026-10-05 18:33:02.275995+00:00,I,daily_bars,WARN,freshness,"latest=2026-09-30, business_days_lag=4, calendar_days=6"
2026-10-05 18:33:02.275995+00:00,I,daily_bars,OK,contract_lineage,complete
2026-10-05 18:33:02.275995+00:00,I,daily_bars,OK,contract_rolls,20
2026-10-05 18:33:02.275995+00:00,I,daily_bars,WARN,missing_fields,turnover
2026-10-05 18:33:02.275995+00:00,I,daily_bars,WARN,cleaning_adjustments,108
2026-10-05 18:33:02.275995+00:00,I,daily_bars,OK,research_eligibility,eligible_rows=1636/1636
2026-10-05 18:33:02.275995+00:00,J,daily_bars,OK,required_columns,complete
2026-10-05 18:33:02.275995+00:00,J,daily_bars,OK,duplicate_keys,0
2026-10-05 18:33:02.275995+00:00,J,daily_bars,OK,ohlc_integrity,0
2026-10-05 18:33:02.275995+00:00,J,daily_bars,WARN,freshness,"latest=2026-09-30, business_days_lag=4, calendar_days=6"
2026-10-05 18:33:02.275995+00:00,J,daily_bars,OK,contract_lineage,complete
2026-10-05 18:33:02.275995+00:00,J,daily_bars,OK,contract_rolls,20
2026-10-05 18:33:02.275995+00:00,J,daily_bars,WARN,missing_fields,turnover
2026-10-05 18:33:02.275995+00:00,J,daily_bars,WARN,cleaning_adjustments,108
2026-10-05 18:33:02.275995+00:00,J,daily_bars,OK,research_eligibility,eligible_rows=1636/1636
2026-10-05 18:33:02.275995+00:00,JM,daily_bars,OK,required_columns,complete
2026-10-05 18:33:02.275995+00:00,JM,daily_bars,OK,duplicate_keys,0
2026-10-05 18:33:02.275995+00:00,JM,daily_bars,OK,ohlc_integrity,0
2026-10-05 18:33:02.275995+00:00,JM,daily_bars,WARN,freshness,"latest=2026-09-30, business_days_lag=4, calendar_days=6"
2026-10-05 18:33:02.275995+00:00,JM,daily_bars,OK,contract_lineage,complete
2026-10-05 18:33:02.275995+00:00,JM,daily_bars,OK,contract_rolls,20
2026-10-05 18:33:02.275995+00:00,JM,daily_bars,WARN,missing_fields,turnover
2026-10-05 18:33:02.275995+00:00,JM,daily_bars,WARN,cleaning_adjustments,108
2026-10-05 18:33:02.275995+00:00,JM,daily_bars,OK,research_eligibility,eligible_rows=1636/1636
2026-10-05 18:33:02.275995+00:00,LC,daily_bars,OK,required_columns,complete
2026-10-05 18:33:02.275995+00:00,LC,daily_bars,OK,duplicate_keys,0
2026-10-05 18:33:02.275995+00:00,LC,daily_bars,OK,ohlc_integrity,0
2026-10-05 18:33:02.275995+00:00,LC,daily_bars,WARN,freshness,"latest=2026-09-30, business_days_lag=4, calendar_days=6"
2026-10-05 18:33:02.275995+00:00,LC,daily_bars,OK,contract_lineage,complete
2026-10-05 18:33:02.275995+00:00,LC,daily_bars,OK,contract_rolls,11
2026-10-05 18:33:02.275995+00:00,LC,daily_bars,WARN,missing_fields,turnover
2026-10-05 18:33:02.275995+00:00,LC,daily_bars,WARN,cleaning_adjustments,1
2026-10-05 18:33:02.275995+00:00,LC,daily_bars,OK,research_eligibility,eligible_rows=776/776
2026-10-05 18:33:02.275995+00:00,PS,daily_bars,OK,required_columns,complete
2026-10-05 18:33:02.275995+00:00,PS,daily_bars,OK,duplicate_keys,0
2026-10-05 18:33:02.275995+00:00,PS,daily_bars,OK,ohlc_integrity,0
2026-10-05 18:33:02.275995+00:00,PS,daily_bars,WARN,freshness,"latest=2026-09-30, business_days_lag=4, calendar_days=6"
2026-10-05 18:33:02.275995+00:00,PS,daily_bars,OK,contract_lineage,complete
2026-10-05 18:33:02.275995+00:00,PS,daily_bars,OK,contract_rolls,9
2026-10-05 18:33:02.275995+00:00,PS,daily_bars,WARN,missing_fields,turnover
2026-10-05 18:33:02.275995+00:00,PS,daily_bars,OK,cleaning_adjustments,0
2026-10-05 18:33:02.275995+00:00,PS,daily_bars,OK,research_eligibility,eligible_rows=428/428
2026-10-05 18:33:02.275995+00:00,RB,daily_bars,OK,required_columns,complete
2026-10-05 18:33:02.275995+00:00,RB,daily_bars,OK,duplicate_keys,0
2026-10-05 18:33:02.275995+00:00,RB,daily_bars,OK,ohlc_integrity,0
2026-10-05 18:33:02.275995+00:00,RB,daily_bars,WARN,freshness,"latest=2026-09-30, business_days_lag=4, calendar_days=6"
2026-10-05 18:33:02.275995+00:00,RB,daily_bars,OK,contract_lineage,complete
2026-10-05 18:33:02.275995+00:00,RB,daily_bars,OK,contract_rolls,20
2026-10-05 18:33:02.275995+00:00,RB,daily_bars,WARN,missing_fields,turnover
2026-10-05 18:33:02.275995+00:00,RB,daily_bars,WARN,cleaning_adjustments,3
2026-10-05 18:33:02.275995+00:00,RB,daily_bars,OK,research_eligibility,eligible_rows=1636/1636
2026-10-05 18:33:02.275995+00:00,SI,daily_bars,OK,required_columns,complete
2026-10-05 18:33:02.275995+00:00,SI,daily_bars,OK,duplicate_keys,0
2026-10-05 18:33:02.275995+00:00,SI,daily_bars,OK,ohlc_integrity,0
2026-10-05 18:33:02.275995+00:00,SI,daily_bars,WARN,freshness,"latest=2026-09-30, business_days_lag=4, calendar_days=6"
2026-10-05 18:33:02.275995+00:00,SI,daily_bars,OK,contract_lineage,complete
2026-10-05 18:33:02.275995+00:00,SI,daily_bars,OK,contract_rolls,25
2026-10-05 18:33:02.275995+00:00,SI,daily_bars,WARN,missing_fields,turnover
2026-10-05 18:33:02.275995+00:00,SI,daily_bars,WARN,cleaning_adjustments,1
2026-10-05 18:33:02.275995+00:00,SI,daily_bars,OK,research_eligibility,eligible_rows=915/915
2026-10-05 18:33:02.275995+00:00,HC,features_daily,OK,sample_insufficiency,var99=ok
2026-10-05 18:33:02.275995+00:00,HC,features_daily,WARN,feature_missing_amihud,upstream data unavailable; no proxy generated
2026-10-05 18:33:02.275995+00:00,HC,features_daily,WARN,feature_missing_top20_net_ratio,upstream data unavailable; no proxy generated
2026-10-05 18:33:02.275995+00:00,I,features_daily,OK,sample_insufficiency,var99=ok
2026-10-05 18:33:02.275995+00:00,I,features_daily,WARN,feature_missing_amihud,upstream data unavailable; no proxy generated
2026-10-05 18:33:02.275995+00:00,I,features_daily,WARN,feature_missing_top20_net_ratio,upstream data unavailable; no proxy generated
2026-10-05 18:33:02.275995+00:00,J,features_daily,OK,sample_insufficiency,var99=ok
2026-10-05 18:33:02.275995+00:00,J,features_daily,WARN,feature_missing_amihud,upstream data unavailable; no proxy generated
2026-10-05 18:33:02.275995+00:00,J,features_daily,WARN,feature_missing_top20_net_ratio,upstream data unavailable; no proxy generated
2026-10-05 18:33:02.275995+00:00,JM,features_daily,OK,sample_insufficiency,var99=ok
2026-10-05 18:33:02.275995+00:00,JM,features_daily,WARN,feature_missing_amihud,upstream data unavailable; no proxy generated
2026-10-05 18:33:02.275995+00:00,JM,features_daily,WARN,feature_missing_top20_net_ratio,upstream data unavailable; no proxy generated
2026-10-05 18:33:02.275995+00:00,LC,features_daily,OK,sample_insufficiency,var99=ok
2026-10-05 18:33:02.275995+00:00,LC,features_daily,WARN,feature_missing_amihud,upstream data unavailable; no proxy generated
2026-10-05 18:33:02.275995+00:00,LC,features_daily,WARN,feature_missing_top20_net_ratio,upstream data unavailable; no proxy generated
2026-10-05 18:33:02.275995+00:00,PS,features_daily,WARN,sample_insufficiency,var99=insufficient_sample
2026-10-05 18:33:02.275995+00:00,PS,features_daily,WARN,feature_missing_amihud,upstream data unavailable; no proxy generated
2026-10-05 18:33:02.275995+00:00,PS,features_daily,WARN,feature_missing_top20_net_ratio,upstream data unavailable; no proxy generated
2026-10-05 18:33:02.275995+00:00,RB,features_daily,OK,sample_insufficiency,var99=ok
2026-10-05 18:33:02.275995+00:00,RB,features_daily,WARN,feature_missing_amihud,upstream data unavailable; no proxy generated
2026-10-05 18:33:02.275995+00:00,RB,features_daily,WARN,feature_missing_top20_net_ratio,upstream data unavailable; no proxy generated
2026-10-05 18:33:02.275995+00:00,SI,features_daily,OK,sample_insufficiency,var99=ok
2026-10-05 18:33:02.275995+00:00,SI,features_daily,WARN,feature_missing_amihud,upstream data unavailable; no proxy generated
2026-10-05 18:33:02.275995+00:00,SI,features_daily,WARN,feature_missing_top20_net_ratio,upstream data unavailable; no proxy generated
